{"flutter":{"platforms":{"android":{"default":{"projectId":"foodeat-96046","appId":"1:520455028754:android:69d911c17709b072a798cb","fileOutput":"android/app/google-services.json"}},"ios":{"default":{"projectId":"foodeat-96046","appId":"1:520455028754:ios:f3a51940dd2dacb6a798cb","uploadDebugSymbols":false,"fileOutput":"ios/Runner/GoogleService-Info.plist"}},"dart":{"lib/firebase_options.dart":{"projectId":"foodeat-96046","configurations":{"android":"1:520455028754:android:69d911c17709b072a798cb","ios":"1:520455028754:ios:f3a51940dd2dacb6a798cb","web":"1:520455028754:web:00c8155db89d4397a798cb"}}}}}}